-- 演示数据(仅 dev profile 加载;test profile 不加载)
-- 演示账号(5 角色,密码均 Prm@1234 的 SM3 摘要):随 schema 在 datasource 初始化期种入,
-- 早于 Web 服务接流量,杜绝"AuthService 播种被慢启动的 AI 运行器拖后、登录窗口期失败"。
-- 与 AuthService 运行器幂等共存(其 selectCount 命中即跳过)。口径须与 AuthService.seed 一致。
INSERT INTO IM_SYS_USER (CEC_USER_ID,CEC_USERNAME,CEC_PASSWORD_HASH,CEC_REAL_NAME,CEC_ROLE,CEC_PROVINCE_CODE,CEC_STATUS,CEC_CREATE_TIME,CEC_DEL_FLAG) VALUES
('USR-APPLY','apply','9338f855bfca1551a6b7e608e391c8ddaec90b3667dd6088485ee86e6bcce7e7','梁晶晶','apply','GD','启用',CURRENT_TIMESTAMP,0),
('USR-PRECHECK','precheck','9338f855bfca1551a6b7e608e391c8ddaec90b3667dd6088485ee86e6bcce7e7','周慎之','precheck','GD','启用',CURRENT_TIMESTAMP,0),
('USR-REVIEW','review','9338f855bfca1551a6b7e608e391c8ddaec90b3667dd6088485ee86e6bcce7e7','李天天','review','GD','启用',CURRENT_TIMESTAMP,0),
('USR-MANAGER','manager','9338f855bfca1551a6b7e608e391c8ddaec90b3667dd6088485ee86e6bcce7e7','黄主管','manager','GD','启用',CURRENT_TIMESTAMP,0),
('USR-DIRECTOR','director','9338f855bfca1551a6b7e608e391c8ddaec90b3667dd6088485ee86e6bcce7e7','郑经理','director','','启用',CURRENT_TIMESTAMP,0),
('USR-ADMIN','admin','9338f855bfca1551a6b7e608e391c8ddaec90b3667dd6088485ee86e6bcce7e7','陈明亮','admin','','启用',CURRENT_TIMESTAMP,0),
('USR-VIEWER','viewer','9338f855bfca1551a6b7e608e391c8ddaec90b3667dd6088485ee86e6bcce7e7','黄文静','view','','启用',CURRENT_TIMESTAMP,0),
('USR-SUPER','super','9338f855bfca1551a6b7e608e391c8ddaec90b3667dd6088485ee86e6bcce7e7','吴海涛','all','','启用',CURRENT_TIMESTAMP,0);

-- 确权指引(4,含"操作指引"v1历史版本演示历史版本记录)
INSERT INTO IM_CONFIRM_GUIDANCE (CEC_GUIDANCE_ID,CEC_TITLE,CEC_GUIDANCE_TYPE,CEC_VERSION,CEC_PUBLISHER,CEC_PUBLISH_DATE,CEC_FILE_URL,CEC_IS_LATEST,CEC_CREATE_TIME,CEC_DEL_FLAG) VALUES
('GD-000','数据确权操作指引','操作说明','v1','数字化部',DATEADD('MONTH',-3,CURRENT_TIMESTAMP),'/files/确权操作指引_v1.pdf',FALSE,DATEADD('MONTH',-3,CURRENT_TIMESTAMP),0),
('GD-001','数据确权操作指引','操作说明','v2','数字化部',CURRENT_TIMESTAMP,'/files/确权操作指引.pdf',TRUE,CURRENT_TIMESTAMP,0),
('GD-002','数据确权授权业务指导书(附录F)','政策文件','v1','公司总部',CURRENT_TIMESTAMP,'/files/附录F.pdf',TRUE,CURRENT_TIMESTAMP,0),
('GD-003','确权材料样例与模板','材料样例','v1','合规管控小组',CURRENT_TIMESTAMP,'/files/确权材料样例.zip',TRUE,CURRENT_TIMESTAMP,0);

-- 确权申请(6,覆盖各状态)
INSERT INTO IM_CONFIRM_APPLY (CEC_APPLY_ID,CEC_APPLY_NO,CEC_ASSET_ID,CEC_ASSET_NAME,CEC_RIGHT_TYPE,CEC_PURPOSE,CEC_RIGHT_HOLDER,CEC_RESP_DEPT,CEC_STATUS,CEC_CURRENT_NODE,CEC_INVOLVES_THIRD_PARTY,CEC_THIRD_PARTY_INFO,CEC_SOURCE_IDENT,CEC_RELATION_IDENT,CEC_RE_CONFIRM,CEC_CREATE_TIME,CEC_DEL_FLAG) VALUES
('CA-001','QQ-0001','AST-001','客户用电信息表','数据持有权','营销分析','广东电网','数字化部','已完成',80,TRUE,'涉用户隐私,已取得授权','A','H',FALSE,CURRENT_TIMESTAMP,0),
('CA-002','QQ-0002','AST-002','台区负荷数据','数据加工使用权','负荷预测','广东电网','数字化部','经理终审中',70,FALSE,NULL,'A',NULL,FALSE,CURRENT_TIMESTAMP,0),
('CA-003','QQ-0003','AST-003','设备资产台账','数据持有权','资产管理','深圳供电局','设备部','主管复核中',60,FALSE,NULL,'A',NULL,FALSE,DATEADD('DAY',-12,CURRENT_TIMESTAMP),0),
('CA-004','QQ-0004','AST-005','电费账单明细','数据持有权','财务核算','广西电网','财务部','合规审核中',50,FALSE,NULL,'E',NULL,FALSE,DATEADD('DAY',-10,CURRENT_TIMESTAMP),0),
('CA-005','QQ-0005','AST-007','气象环境数据','数据加工使用权','调度辅助','云南电网','调度中心','已驳回',NULL,FALSE,'元数据质量评分 60 低于 80,自动驳回',NULL,NULL,FALSE,CURRENT_TIMESTAMP,0),
('CA-006','QQ-0006','AST-006','充电桩运营数据','数据产品经营权','对外经营','广东电网','综能公司','草稿',NULL,TRUE,'涉合作方商密,待补充许可','E','I',TRUE,CURRENT_TIMESTAMP,0);

-- 确权汇总表(表3/表4,对应已完成申请)
INSERT INTO IM_CONFIRM_SUMMARY (CEC_SUMMARY_ID,CEC_APPLY_ID,CEC_SUMMARY_TYPE,CEC_CONTENT,CEC_GENERATOR_ID,CEC_GENERATE_TIME,CEC_CREATE_TIME,CEC_DEL_FLAG) VALUES
('SM-001','CA-001','表3 数据确权信息汇总表','客户用电信息表确权汇总:持有权归广东电网','合规管控小组',CURRENT_TIMESTAMP,CURRENT_TIMESTAMP,0),
('SM-002','CA-001','表4 数据权益内部管理汇总表','内部管理:责任部门数字化部,有效期3年','合规管控小组',CURRENT_TIMESTAMP,CURRENT_TIMESTAMP,0);

-- 确权材料(4)
INSERT INTO IM_CONFIRM_MATERIAL (CEC_MATERIAL_ID,CEC_APPLY_ID,CEC_MATERIAL_NAME,CEC_MATERIAL_TYPE,CEC_FILE_URL,CEC_OWNER,CEC_UPLOAD_TIME,CEC_CHECK_RESULT,CEC_CREATE_TIME,CEC_DEL_FLAG) VALUES
('MT-001','CA-001','确权证明.pdf','确权证明','/files/mt001.pdf','广东电网',CURRENT_TIMESTAMP,'通过',CURRENT_TIMESTAMP,0),
('MT-002','CA-001','用户授权函.pdf','授权函','/files/mt002.pdf','广东电网',CURRENT_TIMESTAMP,'通过',CURRENT_TIMESTAMP,0),
('MT-003','CA-004','采购协议.pdf','采购协议','/files/mt003.pdf','广西电网',CURRENT_TIMESTAMP,'待校验',CURRENT_TIMESTAMP,0),
('MT-004','CA-003','权属说明.docx','权属说明','/files/mt004.docx','深圳供电局',CURRENT_TIMESTAMP,'不通过',CURRENT_TIMESTAMP,0);

-- 权益卡片(5)
INSERT INTO IM_EQUITY_CARD_INFO (CEC_CARD_ID,CEC_CARD_NO,CEC_APPLY_ID,CEC_ASSET_ID,CEC_ASSET_NAME,CEC_RIGHT_TYPE,CEC_RIGHT_OWNER,CEC_RIGHT_SOURCE,CEC_VALID_DATE,CEC_CARD_STATUS,CEC_CREATE_TIME,CEC_DEL_FLAG) VALUES
('CARD-001','EC-PRA-0001','CA-001','AST-001','客户用电信息表','数据持有权','广东电网','确权认定',DATEADD('YEAR',3,CURRENT_TIMESTAMP),'正常',CURRENT_TIMESTAMP,0),
('CARD-002','EC-PRA-0002','CA-002','AST-002','台区负荷数据','数据加工使用权','广东电网','确权认定',DATEADD('YEAR',3,CURRENT_TIMESTAMP),'正常',CURRENT_TIMESTAMP,0),
('CARD-003','EC-PRA-0003','CA-003','AST-003','设备资产台账','数据持有权','深圳供电局','确权认定',DATEADD('YEAR',2,CURRENT_TIMESTAMP),'冻结',CURRENT_TIMESTAMP,0),
('CARD-004','EC-PRA-0006','CA-006','AST-006','充电桩运营数据','数据产品经营权','广东电网','公司授权',DATEADD('YEAR',2,CURRENT_TIMESTAMP),'正常',CURRENT_TIMESTAMP,0),
('CARD-005','EC-PRA-0008','CA-001','AST-008','线损分析数据','数据持有权','贵州电网','确权认定',DATEADD('YEAR',3,CURRENT_TIMESTAMP),'失效',CURRENT_TIMESTAMP,0);

-- 权益卡片变更历史(对应卡片)
INSERT INTO IM_EQUITY_CARD_LOG (CEC_LOG_ID,CEC_CARD_ID,CEC_ACTION,CEC_FROM_STATUS,CEC_TO_STATUS,CEC_REASON,CEC_CREATE_TIME,CEC_DEL_FLAG) VALUES
('CL-001','CARD-001','生成',NULL,'正常','确权终审通过自动制卡',CURRENT_TIMESTAMP,0),
('CL-002','CARD-003','生成',NULL,'正常','确权终审通过自动制卡',CURRENT_TIMESTAMP,0),
('CL-003','CARD-003','冻结','正常','冻结','权属争议冻结',CURRENT_TIMESTAMP,0),
('CL-004','CARD-005','注销','正常','失效','确权撤销',CURRENT_TIMESTAMP,0);

-- 权益证书模板(3)
INSERT INTO IM_EQUITY_CERT_TEMPLATE (CEC_TEMPLATE_ID,CEC_TEMPLATE_NAME,CEC_TEMPLATE_VERSION,CEC_RIGHT_TYPE,CEC_TEMPLATE_STATUS,CEC_CREATE_TIME,CEC_DEL_FLAG) VALUES
('TPL-001','数据持有权证书模板','v1','数据资源持有权','生效中',CURRENT_TIMESTAMP,0),
('TPL-002','数据加工使用权证书模板','v1','数据加工使用权','生效中',CURRENT_TIMESTAMP,0),
('TPL-003','数据产品经营权证书模板','v1','数据产品经营权','停用',CURRENT_TIMESTAMP,0);

-- 权益证书(3)
INSERT INTO IM_EQUITY_CERT (CEC_CERT_ID,CEC_CERT_NO,CEC_CARD_ID,CEC_ISSUE_UNIT,CEC_ISSUE_TIME,CEC_CERT_STATUS,CEC_TEMPLATE_ID,CEC_TEMPLATE_NAME,CEC_CREATE_TIME,CEC_DEL_FLAG) VALUES
('CERT-001','QZ-PRA-0001','CARD-001','中国南方电网有限责任公司',CURRENT_TIMESTAMP,'生效','TPL-001','数据持有权证书模板',CURRENT_TIMESTAMP,0),
('CERT-002','QZ-PRA-0002','CARD-002','中国南方电网有限责任公司',CURRENT_TIMESTAMP,'生效','TPL-002','数据加工使用权证书模板',CURRENT_TIMESTAMP,0),
('CERT-003','QZ-PRA-0006','CARD-004','中国南方电网有限责任公司',CURRENT_TIMESTAMP,'已注销','TPL-003','数据产品经营权证书模板',CURRENT_TIMESTAMP,0);
